{
  "r2": -0.33581018447875977,
  "rmse": 2.66078633423907,
  "mae": 2.438591480255127,
  "rpd": 0.865222134000479
}