{
  "r2": -0.4009057283401489,
  "rmse": 2.7248467673518992,
  "mae": 1.813933253288269,
  "rpd": 0.844880988470777
}