{
  "r2": -1.9685213565826416,
  "rmse": 3.9665023566657025,
  "mae": 2.712664842605591,
  "rpd": 0.580403343613127
}