{
  "r2": -0.3357698917388916,
  "rmse": 2.660746191094993,
  "mae": 2.438544511795044,
  "rpd": 0.865235187758443
}