{
  "r2": -0.20184290409088135,
  "rmse": 2.5238379760039815,
  "mae": 1.6042412519454956,
  "rpd": 0.9121707701181342
}