{
  "r2": -0.3356766700744629,
  "rmse": 2.66065335775456,
  "mae": 2.4384360313415527,
  "rpd": 0.8652653768368146
}