{
  "r2": -0.004271030426025391,
  "rmse": 4.01551432772467,
  "mae": 3.147610902786255,
  "rpd": 0.9978713220161879
}