{
  "r2": -0.33567655086517334,
  "rmse": 2.660653268145524,
  "mae": 2.4384357929229736,
  "rpd": 0.8652654059783782
}