{
  "r2": -0.3357440233230591,
  "rmse": 2.6607203844682648,
  "mae": 2.438514471054077,
  "rpd": 0.8652435797719941
}