{
  "r2": -0.33567631244659424,
  "rmse": 2.6606530889274422,
  "mae": 2.4384353160858154,
  "rpd": 0.8652654642615144
}