{
  "r2": 0.42699605226516724,
  "rmse": 1.7426751655968722,
  "mae": 1.1496552228927612,
  "rpd": 1.321055854603606
}