{
  "r2": -0.802836537361145,
  "rmse": 3.0911195920469376,
  "mae": 2.190340518951416,
  "rpd": 0.7447693826420959
}