{
  "r2": -2.7151174545288086,
  "rmse": 4.4373523526410725,
  "mae": 2.870286464691162,
  "rpd": 0.518816412876036
}