{
  "r2": -0.33565962314605713,
  "rmse": 2.660636421593096,
  "mae": 2.4384162425994873,
  "rpd": 0.8652708846446503
}