{
  "r2": -0.33568763732910156,
  "rmse": 2.6606642004256678,
  "mae": 2.438448667526245,
  "rpd": 0.8652618507293487
}