{
  "r2": -0.33567678928375244,
  "rmse": 2.660653447363593,
  "mae": 2.4384360313415527,
  "rpd": 0.865265347695254
}